<?xml version="1.0"?>
<!--<!DOCTYPE metadata SYSTEM "http://www.esri.com/metadata/esriprof80.dtd">-->
<metadata xml:lang="en"><Esri><CreaDate>20100112</CreaDate><CreaTime>12484400</CreaTime><SyncOnce>TRUE</SyncOnce><DataProperties><lineage><Process Name="Create Feature Class" ToolSource="C:\Program Files\ArcGIS\ArcToolbox\Toolboxes\Data Management Tools.tbx\CreateFeatureclass" Date="20061217" Time="131544">CreateFeatureclass D:\New_Boundaries\Afghan_Admin_Boundaries.mdb\Afghan_Int_Prov_Dist_Bound_UTM New400_District_Bound # New400_Districts_UTM_Layer SAME_AS_TEMPLATE SAME_AS_TEMPLATE "PROJCS['WGS_1984_UTM_Zone_42N',GEOGCS['GCS_WGS_1984',DATUM['D_WGS_1984',SPHEROID['WGS_1984',6378137.0,298.257223563]],PRIMEM['Greenwich',0.0],UNIT['Degree',0.0174532925199433]],PROJECTION['Transverse_Mercator'],PARAMETER['False_Easting',500000.0],PARAMETER['False_Northing',0.0],PARAMETER['Central_Meridian',69.0],PARAMETER['Scale_Factor',0.9996],PARAMETER['Latitude_Of_Origin',0.0],UNIT['Meter',1.0]];-1831636.121085 1561896.638764 488.281250;0.000000 100000.000000;0.000000 100000.000000" # 0 0 0 D:\New_Boundaries\Afghan_Admin_Boundaries.mdb\Afghan_Int_Prov_Dist_Bound_UTM\New400_District_Bound</Process><Process Name="Append" ToolSource="C:\Program Files\ArcGIS\ArcToolbox\Toolboxes\Data Management Tools.tbx\Append" Date="20061217" Time="131545">Append New400_Districts_UTM_Layer D:\New_Boundaries\Afghan_Admin_Boundaries.mdb\Afghan_Int_Prov_Dist_Bound_UTM\New400_District_Bound TEST D:\New_Boundaries\Afghan_Admin_Boundaries.mdb\Afghan_Int_Prov_Dist_Bound_UTM\New400_District_Bound</Process><Process Name="FeatureClassToFeatureClass_3" ToolSource="C:\Program Files\ArcGIS\ArcToolbox\Toolboxes\Conversion Tools.tbx\FeatureClassToFeatureClass" Date="20061217" Time="131545">FeatureClassToFeatureClass D:\New_Boundaries\New400_Districts_UTM.shp D:\New_Boundaries\Afghan_Admin_Boundaries.mdb\Afghan_Int_Prov_Dist_Bound_UTM New400_District_Bound # "PROV_34_ID PROV_34_ID VISIBLE;PROV_34_NA PROV_34_NA VISIBLE;DIST_34_ID DIST_34_ID VISIBLE;DIST_34_NA DIST_34_NA VISIBLE" SAME_AS_TEMPLATE SAME_AS_TEMPLATE # 0 D:\New_Boundaries\Afghan_Admin_Boundaries.mdb\Afghan_Int_Prov_Dist_Bound_UTM\New400_District_Bound</Process></lineage></DataProperties><MetaID>{0D93D21B-A71B-4C49-AAE1-01BA47FECB96}</MetaID></Esri><idinfo><citation><citeinfo><onlink Sync="TRUE">\\ASKANDY\Z\ESOC\Afghanistan\Districts\New400_Dist_BoundCopy</onlink></citeinfo></citation></idinfo><distInfo><distributor><distorTran><onLineSrc><linkage Sync="TRUE">file://\\ASKANDY\Z\ESOC\Afghanistan\Districts\New400_Dist_BoundCopy</linkage><protocol Sync="TRUE">Local Area Network</protocol></onLineSrc></distorTran></distributor></distInfo><dataqual><lineage><procstep><procdesc Sync="TRUE">Dataset copied.</procdesc><srcused Sync="TRUE">\\AIMS-AMINI\D$\New_Boundaries\Afghan_Admin_Boundaries.mdb</srcused><date Sync="TRUE">20061218</date><time Sync="TRUE">11532500</time></procstep><procstep><procdesc Sync="TRUE">Dataset copied.</procdesc><srcused Sync="TRUE">\\AIMS-AMINI\D$\New_Boundaries\Afghan_Admin_Boundaries.mdb</srcused><date Sync="TRUE">20061218</date><time Sync="TRUE">12043000</time></procstep><procstep><procdesc Sync="TRUE">Dataset copied.</procdesc><srcused Sync="TRUE">Z:\ESOC\Afghanistan\Districts\New400_Dist_Bound</srcused><procdate Sync="TRUE">20100112</procdate><proctime Sync="TRUE">12484400</proctime></procstep></lineage></dataqual></metadata>
